hidroc1,hidroc2,hidroc3,hidroc4,hidroc5,hidroc6
5214719.35043526,179970,1782317,678305,165700,2141767.19921875
